Function ID,Function Name,Description,Batch,Status,Priority,Schedule,Endpoint
110,Escalation Tracker,Tracks escalation events and response times,System Operations (110-120),OPERATIONAL,,/api/airtable/log-escalation
111,Client Touchpoint Log,Logs client interaction touchpoints,System Operations (110-120),OPERATIONAL,,/api/airtable/log-touchpoint
112,Missed Call Logger,Logs missed call events for follow-up,System Operations (110-120),OPERATIONAL,,/api/airtable/log-missed-call
113,Business Card OCR,OCR processing for business cards,System Operations (110-120),OPERATIONAL,,/api/automation/business-card-ocr
114,Voice Synthesis,ElevenLabs voice synthesis integration,System Operations (110-120),OPERATIONAL,,/api/voice/synthesize
115,Stripe Payment,Stripe payment processing,System Operations (110-120),OPERATIONAL,,/api/stripe/create-checkout
116,Lead Validation,Lead validation and scoring,System Operations (110-120),OPERATIONAL,,/api/leads/validate
117,ROI Calculator,ROI calculation for clients,System Operations (110-120),OPERATIONAL,,/api/roi/calculate
118,System Uptime,System uptime monitoring,System Operations (110-120),OPERATIONAL,,/api/system/uptime
119,High Value Deal Flag,Flags high-value deals for attention,System Operations (110-120),OPERATIONAL,,/api/deals/flag-high-value
120,Smart Queue Manager,Manages intelligent task queuing,System Operations (110-120),OPERATIONAL,,
121,Deactivate Trials,Deactivates expired trial accounts,Final Management (121-130),OPERATIONAL,,/api/automation/deactivate-trials
122,CRM Audit,AI-powered CRM record auditing,Final Management (121-130),OPERATIONAL,,/api/automation/audit-crm
123,Slack Ticket Creation,Creates support tickets from Slack,Final Management (121-130),OPERATIONAL,,/api/automation/slack-ticket
124,Meeting Agenda,Generates meeting agenda templates,Final Management (121-130),OPERATIONAL,,/api/automation/meeting-agenda
125,Sentiment Analysis,Auto-tags survey response sentiment,Final Management (121-130),OPERATIONAL,,/api/automation/sentiment-analysis
126,Lead Count Update,Real-time lead count updates,Final Management (121-130),OPERATIONAL,,/api/automation/lead-count
127,Phantombuster Event,Phantombuster sync event logging,Final Management (121-130),OPERATIONAL,,/api/automation/phantom-event
128,Admin Alert,System admin push notifications,Final Management (121-130),OPERATIONAL,,/api/automation/admin-alert
129,Business Classification,AI business type classification,Final Management (121-130),OPERATIONAL,,/api/automation/classify-business
130,Archive Logs,Archives old integration logs,Final Management (121-130),OPERATIONAL,,/api/automation/archive-logs
131,CRM Script Generator,Generates CRM follow-up scripts from client notes,Batch 14 (131-140),LIVE AUTO-EXECUTION,MEDIUM,Every 15 minutes,/api/automation-batch-14/function-131
132,Intake Form Validator,Validates client intake form data completeness,Batch 14 (131-140),LIVE AUTO-EXECUTION,HIGH,Every 5 minutes,/api/automation-batch-14/function-132
133,Silent Call Detector,Detects calls with no transcript or voice activity,Batch 14 (131-140),LIVE AUTO-EXECUTION,MEDIUM,Every 15 minutes,/api/automation-batch-14/function-133
134,QA Failure Alert,Sends alerts when QA tests fail,Batch 14 (131-140),LIVE AUTO-EXECUTION,HIGH,Every 5 minutes,/api/automation-batch-14/function-134
135,ISO Date Formatter,Formats dates to ISO standard format,Batch 14 (131-140),LIVE AUTO-EXECUTION,LOW,Every hour,/api/automation-batch-14/function-135
136,Personality Assigner,Assigns AI personality based on industry type,Batch 14 (131-140),LIVE AUTO-EXECUTION,MEDIUM,Every 15 minutes,/api/automation-batch-14/function-136
137,SmartSpend Entry Creator,Creates budget tracking entries in SmartSpend,Batch 14 (131-140),LIVE AUTO-EXECUTION,MEDIUM,Every 15 minutes,/api/automation-batch-14/function-137
138,Voice Session ID Generator,Generates unique session IDs for voice calls,Batch 14 (131-140),LIVE AUTO-EXECUTION,LOW,Every hour,/api/automation-batch-14/function-138
139,Call Digest Poster,Posts call summary digests to team channels,Batch 14 (131-140),LIVE AUTO-EXECUTION,MEDIUM,Every 15 minutes,/api/automation-batch-14/function-139
140,Live Error Push,Pushes real-time errors to monitoring systems,Batch 14 (131-140),LIVE AUTO-EXECUTION,HIGH,Every 5 minutes,/api/automation-batch-14/function-140
141,Bot Training Prompt Generator,Auto-generates training prompts from QA pairs,Batch 15 (141-150),LIVE AUTO-EXECUTION,MEDIUM,Every 15 minutes,/api/automation-batch-15/function-141
142,Cold Start Logger,Logs system cold start events for monitoring,Batch 15 (141-150),LIVE AUTO-EXECUTION,LOW,Every hour,/api/automation-batch-15/function-142
143,Markdown Converter,Converts internal notes to markdown format,Batch 15 (141-150),LIVE AUTO-EXECUTION,LOW,Every hour,/api/automation-batch-15/function-143
144,QBO Invoice Summary,Parses and summarizes QuickBooks invoices,Batch 15 (141-150),LIVE AUTO-EXECUTION,MEDIUM,Every 15 minutes,/api/automation-batch-15/function-144
145,Role Assignment by Domain,Auto-assigns contact roles based on email domain,Batch 15 (141-150),LIVE AUTO-EXECUTION,MEDIUM,Every 15 minutes,/api/automation-batch-15/function-145
146,Customer Reconciliation,Reconciles Airtable and Stripe customer records,Batch 15 (141-150),LIVE AUTO-EXECUTION,HIGH,Every 5 minutes,/api/automation-batch-15/function-146
147,Full API Health Check,Runs system-wide API health checks,Batch 15 (141-150),LIVE AUTO-EXECUTION,HIGH,Every 5 minutes,/api/automation-batch-15/function-147
148,ROI Summary Generator,Generates client ROI record summaries,Batch 15 (141-150),LIVE AUTO-EXECUTION,MEDIUM,Every 15 minutes,/api/automation-batch-15/function-148
149,Manual Override Logger,Logs manual overrides in Command Center,Batch 15 (141-150),LIVE AUTO-EXECUTION,HIGH,Every 5 minutes,/api/automation-batch-15/function-149
150,Slack Message Formatter,Formats messages with emoji status tags,Batch 15 (141-150),LIVE AUTO-EXECUTION,LOW,Every hour,/api/automation-batch-15/function-150
151,VoiceBot Escalation Detection,Detects escalation intent in voice transcripts,Batch 16 (151-160),LIVE AUTO-EXECUTION,HIGH,Every 5 minutes,/api/automation-batch-16/function-151
152,Failure Categorization,Auto-categorizes integration failures by module,Batch 16 (151-160),LIVE AUTO-EXECUTION,MEDIUM,Every 15 minutes,/api/automation-batch-16/function-152
153,System Health Metric Update,Updates live system health metrics,Batch 16 (151-160),LIVE AUTO-EXECUTION,HIGH,Every 5 minutes,/api/automation-batch-16/function-153
154,Broken Link Detection,Detects broken linked records in Airtable,Batch 16 (151-160),LIVE AUTO-EXECUTION,MEDIUM,Every 15 minutes,/api/automation-batch-16/function-154
155,AI Script Expansion,Expands short prompts into full call scripts,Batch 16 (151-160),LIVE AUTO-EXECUTION,MEDIUM,Every 15 minutes,/api/automation-batch-16/function-155
156,Google Drive Backup,Triggers backup exports to Google Drive,Batch 16 (151-160),LIVE AUTO-EXECUTION,HIGH,Every 5 minutes,/api/automation-batch-16/function-156
157,New Lead Notification,Sends Slack notifications for new leads,Batch 16 (151-160),LIVE AUTO-EXECUTION,HIGH,Every 5 minutes,/api/automation-batch-16/function-157
158,Domain Extraction,Extracts clean domains from URLs,Batch 16 (151-160),LIVE AUTO-EXECUTION,LOW,Every hour,/api/automation-batch-16/function-158
159,Auto-Complete Task,Auto-marks internal tasks as complete by label,Batch 16 (151-160),LIVE AUTO-EXECUTION,MEDIUM,Every 15 minutes,/api/automation-batch-16/function-159
160,Test Snapshot Creation,Creates test snapshot records,Batch 16 (151-160),LIVE AUTO-EXECUTION,LOW,Every hour,/api/automation-batch-16/function-160
161,Zero-Day Input Mutation,Simulates zero-day input mutation attacks for security testing,Edge Case Tests (161-170),VALIDATION COMPLETE,,
162,GPT Hallucination Watchdog,Triggers GPT hallucination detection mechanisms,Edge Case Tests (161-170),VALIDATION COMPLETE,,
163,Unknown Format Handler,Handles unknown format input gracefully,Edge Case Tests (161-170),VALIDATION COMPLETE,,
164,Entropy Flood Stress Test,Tests system resilience against entropy flooding,Edge Case Tests (161-170),VALIDATION COMPLETE,,
165,LLM Invalid State Trap,Tests LLM invalid state persistence handling,Edge Case Tests (161-170),VALIDATION COMPLETE,,
166,Token Pool Exhaustion,Simulates token pool exhaustion scenarios,Edge Case Tests (161-170),VALIDATION COMPLETE,,
167,Core Dump Prevention,Validates core dump prevention mechanisms,Edge Case Tests (161-170),VALIDATION COMPLETE,,
168,Prompt Fragmentation Check,Simulates prompt fragmentation attacks,Edge Case Tests (161-170),VALIDATION COMPLETE,,
169,Multi-Agent Interference Defense,Detects multi-agent prompt interference,Edge Case Tests (161-170),VALIDATION COMPLETE,,
170,GPT Feedback Loop Detection,Detects GPT feedback loop scenarios,Edge Case Tests (161-170),VALIDATION COMPLETE,,
171,Credential Replay Attack Detection,Detects credential replay attack patterns,Security Tests (171-180),IMPLEMENTED,,
172,Session Hijacking Prevention,Prevents session hijacking attempts,Security Tests (171-180),IMPLEMENTED,,
173,SQL Injection Guard,Guards against SQL injection attacks,Security Tests (171-180),IMPLEMENTED,,
174,XSS Protection Layer,Protects against cross-site scripting,Security Tests (171-180),IMPLEMENTED,,
175,CSRF Token Validation,Validates CSRF tokens for security,Security Tests (171-180),IMPLEMENTED,,
176,Rate Limiting Engine,Implements intelligent rate limiting,Security Tests (171-180),IMPLEMENTED,,
177,API Key Rotation,Automates API key rotation for security,Security Tests (171-180),IMPLEMENTED,,
178,Encryption Validator,Validates data encryption standards,Security Tests (171-180),IMPLEMENTED,,
179,Access Control Audit,Audits access control permissions,Security Tests (171-180),IMPLEMENTED,,
180,Temporal Logic Mismatch Detection,Detects temporal logic inconsistencies,Security Tests (171-180),IMPLEMENTED,,
181,Predictive Lead Scoring,AI-powered predictive lead scoring algorithm,AI Analytics (181-190),IMPLEMENTED,,
182,Conversation Intelligence,Analyzes conversation patterns for insights,AI Analytics (181-190),IMPLEMENTED,,
183,Churn Prediction Engine,Predicts customer churn probability,AI Analytics (181-190),IMPLEMENTED,,
184,Revenue Forecasting,AI-powered revenue forecasting system,AI Analytics (181-190),IMPLEMENTED,,
185,Sentiment Trend Analysis,Analyzes sentiment trends over time,AI Analytics (181-190),IMPLEMENTED,,
186,Performance Optimization AI,AI-driven system performance optimization,AI Analytics (181-190),IMPLEMENTED,,
187,Anomaly Detection Engine,Detects anomalies in system behavior,AI Analytics (181-190),IMPLEMENTED,,
188,Smart Resource Allocation,Optimizes resource allocation using AI,AI Analytics (181-190),IMPLEMENTED,,
189,Dynamic Pricing Algorithm,AI-powered dynamic pricing optimization,AI Analytics (181-190),IMPLEMENTED,,
190,Behavioral Pattern Recognition,Recognizes user behavioral patterns,AI Analytics (181-190),IMPLEMENTED,,
191,Zapier Integration Hub,Central hub for Zapier integrations,Integrations (191-200),IMPLEMENTED,,
192,HubSpot Sync Engine,Bidirectional HubSpot data synchronization,Integrations (191-200),IMPLEMENTED,,
193,Salesforce Connector,Enterprise Salesforce integration,Integrations (191-200),IMPLEMENTED,,
194,QuickBooks Automation,Automated QuickBooks financial processing,Integrations (191-200),IMPLEMENTED,,
195,Google Workspace Sync,Google Workspace integration and sync,Integrations (191-200),IMPLEMENTED,,
196,Microsoft 365 Bridge,Microsoft 365 integration bridge,Integrations (191-200),IMPLEMENTED,,
197,Slack Workflow Automation,Advanced Slack workflow automation,Integrations (191-200),IMPLEMENTED,,
198,Calendar Intelligence,Intelligent calendar management system,Integrations (191-200),IMPLEMENTED,,
199,Email Automation Engine,Advanced email automation and sequences,Integrations (191-200),IMPLEMENTED,,
200,Workflow Orchestrator,Central workflow orchestration system,Integrations (191-200),IMPLEMENTED,,
201,Auto-create Airtable Record,Auto-creates Airtable records from log objects,Batch 21 (201-210),LIVE AUTO-EXECUTION,MEDIUM,Every 15 minutes,/api/automation-batch-21/function-201
202,Strip HTML Tags,Removes HTML tags from text content,Batch 21 (201-210),LIVE AUTO-EXECUTION,LOW,Every hour,/api/automation-batch-21/function-202
203,Integration Summary to Slack,Sends integration summaries to Slack channels,Batch 21 (201-210),LIVE AUTO-EXECUTION,MEDIUM,Every 15 minutes,/api/automation-batch-21/function-203
204,Duplicate Record Detection,Detects duplicate records by unique field,Batch 21 (201-210),LIVE AUTO-EXECUTION,HIGH,Every 5 minutes,/api/automation-batch-21/function-204
205,Phone Number Normalizer,Normalizes phone numbers to US format,Batch 21 (201-210),LIVE AUTO-EXECUTION,MEDIUM,Every 15 minutes,/api/automation-batch-21/function-205
206,Lead Score Calculator,Auto-populates lead scores from rules,Batch 21 (201-210),LIVE AUTO-EXECUTION,HIGH,Every 5 minutes,/api/automation-batch-21/function-206
207,Error Frequency Tracker,Tracks error frequency by module,Batch 21 (201-210),LIVE AUTO-EXECUTION,MEDIUM,Every 15 minutes,/api/automation-batch-21/function-207
208,Call Review Flagging,Flags VoiceBot calls for manual review,Batch 21 (201-210),LIVE AUTO-EXECUTION,MEDIUM,Every 15 minutes,/api/automation-batch-21/function-208
209,Weekend Date Checker,Checks if date falls on weekend,Batch 21 (201-210),LIVE AUTO-EXECUTION,LOW,Every hour,/api/automation-batch-21/function-209
210,Integration Template Filler,Auto-fills integration templates,Batch 21 (201-210),LIVE AUTO-EXECUTION,LOW,Every hour,/api/automation-batch-21/function-210
211,Client Lifecycle Automation,Automates complete client lifecycle management,Client Management (211-220),IMPLEMENTED,,
212,Onboarding Flow Generator,Generates personalized onboarding flows,Client Management (211-220),IMPLEMENTED,,
213,Success Metric Tracker,Tracks client success metrics and KPIs,Client Management (211-220),IMPLEMENTED,,
214,Renewal Prediction Engine,Predicts contract renewal probability,Client Management (211-220),IMPLEMENTED,,
215,Escalation Management,Manages client escalation workflows,Client Management (211-220),IMPLEMENTED,,
216,Health Score Calculator,Calculates client health scores,Client Management (211-220),IMPLEMENTED,,
217,Engagement Tracker,Tracks client engagement levels,Client Management (211-220),IMPLEMENTED,,
218,Risk Assessment Engine,Assesses client risk factors,Client Management (211-220),IMPLEMENTED,,
219,Communication Optimizer,Optimizes client communication strategies,Client Management (211-220),IMPLEMENTED,,
220,Value Delivery Tracker,Tracks value delivery to clients,Client Management (211-220),IMPLEMENTED,,
221,Voice Quality Analyzer,Analyzes voice call quality metrics,Voice Systems (221-230),IMPLEMENTED,,
222,Speech Pattern Recognition,Recognizes speech patterns and accents,Voice Systems (221-230),IMPLEMENTED,,
223,Real-time Transcription,Provides real-time voice transcription,Voice Systems (221-230),IMPLEMENTED,,
224,Voice Authentication,Authenticates users via voice biometrics,Voice Systems (221-230),IMPLEMENTED,,
225,Emotion Detection Engine,Detects emotions in voice conversations,Voice Systems (221-230),IMPLEMENTED,,
226,Call Routing Intelligence,Intelligent call routing system,Voice Systems (221-230),IMPLEMENTED,,
227,Voice Synthesis Optimization,Optimizes voice synthesis quality,Voice Systems (221-230),IMPLEMENTED,,
228,Multi-language Support,Supports multiple languages in voice calls,Voice Systems (221-230),IMPLEMENTED,,
229,Noise Reduction Engine,Reduces background noise in calls,Voice Systems (221-230),IMPLEMENTED,,
230,Call Analytics Dashboard,Comprehensive call analytics dashboard,Voice Systems (221-230),IMPLEMENTED,,
231,Automated Invoicing,Generates and sends automated invoices,Financial Systems (231-240),IMPLEMENTED,,
232,Payment Processing Hub,Central payment processing system,Financial Systems (231-240),IMPLEMENTED,,
233,Revenue Recognition,Automates revenue recognition processes,Financial Systems (231-240),IMPLEMENTED,,
234,Subscription Management,Manages subscription lifecycles,Financial Systems (231-240),IMPLEMENTED,,
235,Tax Calculation Engine,Calculates taxes for transactions,Financial Systems (231-240),IMPLEMENTED,,
236,Financial Reporting,Generates comprehensive financial reports,Financial Systems (231-240),IMPLEMENTED,,
237,Budget Tracking System,Tracks budgets and spending,Financial Systems (231-240),IMPLEMENTED,,
238,Cost Center Allocation,Allocates costs to appropriate centers,Financial Systems (231-240),IMPLEMENTED,,
239,Profitability Analysis,Analyzes profitability by segment,Financial Systems (231-240),IMPLEMENTED,,
240,Cash Flow Forecasting,Forecasts cash flow projections,Financial Systems (231-240),IMPLEMENTED,,
241,Lead Generation Engine,Automated lead generation system,Marketing Systems (241-250),IMPLEMENTED,,
242,Campaign Management,Manages marketing campaigns,Marketing Systems (241-250),IMPLEMENTED,,
243,A/B Testing Framework,Framework for A/B testing campaigns,Marketing Systems (241-250),IMPLEMENTED,,
244,Attribution Modeling,Models marketing attribution,Marketing Systems (241-250),IMPLEMENTED,,
245,Personalization Engine,Personalizes marketing content,Marketing Systems (241-250),IMPLEMENTED,,
246,Social Media Automation,Automates social media posting,Marketing Systems (241-250),IMPLEMENTED,,
247,Content Optimization,Optimizes content for performance,Marketing Systems (241-250),IMPLEMENTED,,
248,Audience Segmentation,Segments audiences for targeting,Marketing Systems (241-250),IMPLEMENTED,,
249,Conversion Tracking,Tracks conversion rates and paths,Marketing Systems (241-250),IMPLEMENTED,,
250,ROI Optimization,Optimizes marketing ROI,Marketing Systems (241-250),IMPLEMENTED,,
251,Ticket Routing Intelligence,Intelligently routes support tickets,Support Systems (251-260),IMPLEMENTED,,
252,AI Response Generator,Generates AI responses to tickets,Support Systems (251-260),IMPLEMENTED,,
253,Knowledge Base Sync,Syncs knowledge base with tickets,Support Systems (251-260),IMPLEMENTED,,
254,SLA Monitoring,Monitors service level agreements,Support Systems (251-260),IMPLEMENTED,,
255,Escalation Automation,Automates ticket escalation processes,Support Systems (251-260),IMPLEMENTED,,
256,Customer Satisfaction Tracker,Tracks customer satisfaction scores,Support Systems (251-260),IMPLEMENTED,,
257,Resolution Time Optimizer,Optimizes ticket resolution times,Support Systems (251-260),IMPLEMENTED,,
258,Support Analytics Dashboard,Comprehensive support analytics,Support Systems (251-260),IMPLEMENTED,,
259,Agent Performance Tracker,Tracks support agent performance,Support Systems (251-260),IMPLEMENTED,,
260,Feedback Loop Manager,Manages customer feedback loops,Support Systems (251-260),IMPLEMENTED,,
261,Data Pipeline Manager,Manages data processing pipelines,Data Systems (261-270),IMPLEMENTED,,
262,Compliance Monitoring,Monitors regulatory compliance,Data Systems (261-270),IMPLEMENTED,,
263,Data Quality Validator,Validates data quality standards,Data Systems (261-270),IMPLEMENTED,,
264,Backup Orchestrator,Orchestrates data backup processes,Data Systems (261-270),IMPLEMENTED,,
265,Privacy Protection Engine,Protects user privacy and data,Data Systems (261-270),IMPLEMENTED,,
266,Audit Trail Generator,Generates comprehensive audit trails,Data Systems (261-270),IMPLEMENTED,,
267,Data Retention Manager,Manages data retention policies,Data Systems (261-270),IMPLEMENTED,,
268,GDPR Compliance Engine,Ensures GDPR compliance,Data Systems (261-270),IMPLEMENTED,,
269,Data Anonymization,Anonymizes sensitive data,Data Systems (261-270),IMPLEMENTED,,
270,Disaster Recovery Manager,Manages disaster recovery processes,Data Systems (261-270),IMPLEMENTED,,
271,Mobile App Sync,Synchronizes mobile app data,Mobile Systems (271-280),IMPLEMENTED,,
272,Push Notification Engine,Manages push notifications,Mobile Systems (271-280),IMPLEMENTED,,
273,API Gateway Manager,Manages API gateway operations,Mobile Systems (271-280),IMPLEMENTED,,
274,Rate Limiting Engine,Implements API rate limiting,Mobile Systems (271-280),IMPLEMENTED,,
275,SDK Version Manager,Manages SDK versions and updates,Mobile Systems (271-280),IMPLEMENTED,,
276,Device Analytics,Analyzes mobile device usage,Mobile Systems (271-280),IMPLEMENTED,,
277,Offline Sync Manager,Manages offline data synchronization,Mobile Systems (271-280),IMPLEMENTED,,
278,App Performance Monitor,Monitors mobile app performance,Mobile Systems (271-280),IMPLEMENTED,,
279,Crash Reporting System,Reports and analyzes app crashes,Mobile Systems (271-280),IMPLEMENTED,,
280,Feature Flag Manager,Manages feature flags for mobile,Mobile Systems (271-280),IMPLEMENTED,,
281,Deployment Automation,Automates application deployments,DevOps Systems (281-290),IMPLEMENTED,,
282,Infrastructure Monitoring,Monitors infrastructure health,DevOps Systems (281-290),IMPLEMENTED,,
283,Auto-scaling Engine,Automatically scales infrastructure,DevOps Systems (281-290),IMPLEMENTED,,
284,Log Aggregation System,Aggregates logs from all systems,DevOps Systems (281-290),IMPLEMENTED,,
285,Performance Monitoring,Monitors system performance,DevOps Systems (281-290),IMPLEMENTED,,
286,Security Scanner,Scans for security vulnerabilities,DevOps Systems (281-290),IMPLEMENTED,,
287,CI/CD Pipeline Manager,Manages CI/CD pipelines,DevOps Systems (281-290),IMPLEMENTED,,
288,Container Orchestrator,Orchestrates container deployments,DevOps Systems (281-290),IMPLEMENTED,,
289,Resource Optimizer,Optimizes resource utilization,DevOps Systems (281-290),IMPLEMENTED,,
290,Capacity Planner,Plans infrastructure capacity,DevOps Systems (281-290),IMPLEMENTED,,
291,ML Model Trainer,Trains machine learning models,AI/ML Systems (291-300),IMPLEMENTED,,
292,Model Performance Monitor,Monitors ML model performance,AI/ML Systems (291-300),IMPLEMENTED,,
293,Feature Engineering,Automates feature engineering,AI/ML Systems (291-300),IMPLEMENTED,,
294,Data Preprocessing,Preprocesses data for ML models,AI/ML Systems (291-300),IMPLEMENTED,,
295,Model Deployment Pipeline,Deploys ML models to production,AI/ML Systems (291-300),IMPLEMENTED,,
296,A/B Testing for AI,A/B tests AI model performance,AI/ML Systems (291-300),IMPLEMENTED,,
297,Bias Detection Engine,Detects bias in AI models,AI/ML Systems (291-300),IMPLEMENTED,,
298,Explainable AI Engine,Provides explanations for AI decisions,AI/ML Systems (291-300),IMPLEMENTED,,
299,AutoML Pipeline,Automated machine learning pipeline,AI/ML Systems (291-300),IMPLEMENTED,,
300,AI Governance Framework,Governs AI model usage and compliance,AI/ML Systems (291-300),IMPLEMENTED,,